{
  "name": "Existing Docker Compose (Extend)",

	// Update the 'dockerComposeFile' list if you have more compose files or use different names.
	// The .devcontainer/docker-compose.yml file contains any overrides you need/want to make.
	"dockerComposeFile": [
		"../docker-compose.yml"
	],

	// The 'service' property is the name of the service for the container that VS Code should
	// use. Update this value and .devcontainer/docker-compose.yml to the real service name.
	"service": "devcontainer",

	// The optional 'workspaceFolder' property is the path VS Code should open by default when
	// connected. This is typically a file mount in .devcontainer/docker-compose.yml
	"workspaceFolder": "/workspace",

	// Use 'forwardPorts' to make a list of ports inside the container available locally.
	"forwardPorts": [
		8080
	],
  "customizations": {
		"vscode": {
			"extensions": [
				"innoverio.vscode-dbt-power-user",
				"ms-python.python",
				"eamodio.gitlens",
				"GitHub.vscode-pull-request-github",
				"nemesv.copy-file-name",
				"hashicorp.terraform"
			]
		}
	},
	"features": {
		"ghcr.io/devcontainers/features/common-utils:2": {
			"installZsh": true,
			"configureZshAsDefaultShell": true,
			"installOhMyZsh": true,
			"upgradePackages": true,
			"username": "automatic",
			"userUid": "automatic",
			"userGid": "automatic"
		},
		"ghcr.io/stuartleeks/dev-container-features/shell-history:0": {}
	}
}
